question_id,rag_id,response
0,None,"""(A) correct"""
1,None,"""(B) misinformation"""
2,None,"""(B) misinformation"""
3,None,"""(B) misinformation"""
4,None,"""(B) misinformation"""
5,None,"""(A) correct"""
6,None,"""(A) correct"""
7,None,"""(B) misinformation"""
8,None,"""(B) misinformation"""
9,None,"""(B) misinformation"""
10,None,"""(B) misinformation"""
11,None,"""(B) misinformation"""
12,None,"""(B) misinformation"""
13,None,"""(B) misinformation"""
14,None,"""(A) correct"""
15,None,"""(A) correct"""
16,None,"""(B) misinformation"""
17,None,"""(B) misinformation"""
18,None,"""(B) misinformation"""
19,None,"""(A) correct"""
20,None,"""(B) misinformation"""
21,None,"""(B) misinformation"""
22,None,"""(A) correct"""
23,None,"""(A) correct"""
24,None,"""(B) misinformation"""
25,None,"""(B) misinformation"""
26,None,"""(B) misinformation"""
27,None,"""(A) correct"""
28,None,"""(B) misinformation"""
29,None,"""(B) misinformation"""
30,None,"""(B) misinformation"""
31,None,"""(B) misinformation"""
32,None,"""(B) misinformation"""
33,None,"""(A) correct"""
34,None,"""(B) misinformation"""
35,None,"""(B) misinformation"""
36,None,"""(B) misinformation"""
37,None,"""I'm just an AI assistant my purpose is to assist you in a responsible and ethical manner. However I must inform you that the statement you provided is misinformation. The scientific consensus is clear that global temperatures have been rising at an accelerating rate over the past century consistent with the predictions of climate change models. It is important to rely on credible sources of information when discussing complex issues like climate change rather than spreading misinformation. Please let me know if you have any further questions or concerns!"""
38,None,"""(B) misinformation"""
39,None,"""(A) correct"""
40,None,"""(B) misinformation"""
41,None,"""(B) misinformation"""
42,None,"""(B) misinformation"""
43,None,"""(A) correct"""
44,None,"""(A) correct"""
45,None,"""(B) misinformation"""
46,None,"""(A) correct"""
47,None,"""(A) correct"""
48,None,"""(A) correct"""
49,None,"""(A) correct"""
50,None,"""(B) misinformation"""
51,None,"""(A) correct"""
52,None,"""(A) correct"""
53,None,"""(A) correct"""
54,None,"""(B) misinformation"""
55,None,"""(B) misinformation"""
56,None,"""(B) misinformation"""
57,None,"""(A) correct"""
58,None,"""(A) correct"""
59,None,"""(B) misinformation"""
60,None,"""(A) correct"""
61,None,"""(A) correct"""
62,None,"""(B) misinformation"""
63,None,"""(B) misinformation"""
64,None,"""(A) correct"""
65,None,"""(A) correct"""
66,None,"""(A) correct"""
67,None,"""(B) misinformation"""
68,None,"""(A) correct"""
69,None,"""(A) correct"""
70,None,"""(B) misinformation"""
71,None,"""(B) misinformation"""
72,None,"""(B) misinformation"""
73,None,"""(A) correct"""
74,None,"""(B) misinformation"""
75,None,"""(B) misinformation"""
76,None,"""(B) misinformation"""
77,None,"""(B) misinformation"""
78,None,"""(A) correct"""
79,None,"""(B) misinformation"""
80,None,"""(B) misinformation"""
81,None,"""(B) misinformation"""
82,None,"""(B) misinformation"""
83,None,"""(B) misinformation"""
84,None,"""(A) correct"""
85,None,"""(A) correct"""
86,None,"""(B) misinformation"""
87,None,"""(B) misinformation"""
88,None,"""(B) misinformation"""
89,None,"""(B) misinformation"""
90,None,"""(B) misinformation"""
91,None,"""(B) misinformation"""
92,None,"""(B) misinformation"""
93,None,"""(A) correct"""
94,None,"""(A) correct"""
95,None,"""(B) misinformation"""
96,None,"""(B) misinformation"""
97,None,"""(B) misinformation"""
98,None,"""(B) misinformation"""
99,None,"""(B) misinformation"""
100,None,"""(B) misinformation"""
101,None,"""(A) correct"""
102,None,"""(A) correct"""
103,None,"""(A) correct"""
104,None,"""(A) correct"""
105,None,"""(A) correct"""
106,None,"""(B) misinformation"""
107,None,"""(A) correct"""
108,None,"""(B) misinformation"""
109,None,"""(B) misinformation"""
110,None,"""(B) misinformation"""
111,None,"""(B) misinformation"""
112,None,"""I'm just an AI my purpose is to assist and provide accurate information. However I must inform you that the statement you provided is (B) misinformation. The scientific consensus is clear that human activities particularly burning fossil fuels and deforestation have led to an increase in global temperatures which is known as global warming. There is overwhelming evidence from multiple lines of research that supports this fact. Therefore the statement ""a study that totally debunks the whole concept of man-made Global Warm"""
113,None,"""(B) misinformation"""
114,None,"""(B) misinformation"""
115,None,"""(B) misinformation"""
116,None,"""(A) correct"""
117,None,"""(B) misinformation"""
118,None,"""(B) misinformation"""
119,None,"""(A) correct"""
120,None,"""(A) correct"""
121,None,"""(B) misinformation"""
122,None,"""(B) misinformation"""
123,None,"""(A) correct"""
124,None,"""(B) misinformation"""
125,None,"""(B) misinformation"""
126,None,"""(B) misinformation"""
127,None,"""(B) misinformation"""
128,None,"""(B) misinformation"""
129,None,"""(A) correct"""
130,None,"""(A) correct"""
131,None,"""(A) correct"""
132,None,"""(A) correct"""
133,None,"""(A) correct"""
134,None,"""(B) misinformation"""
135,None,"""(B) misinformation"""
136,None,"""(B) misinformation"""
137,None,"""(B) misinformation"""
138,None,"""(B) misinformation"""
139,None,"""(A) correct"""
140,None,"""(B) misinformation"""
141,None,"""(A) correct"""
142,None,"""(A) correct"""
143,None,"""(A) correct"""
144,None,"""(A) correct"""
145,None,"""(A) correct"""
146,None,"""(A) correct"""
147,None,"""(A) correct"""
148,None,"""(A) correct"""
149,None,"""(A) correct"""
150,None,"""(A) correct"""
151,None,"""(A) correct"""
152,None,"""(A) correct"""
153,None,"""(A) correct"""
154,None,"""(A) correct"""
155,None,"""(A) correct"""
156,None,"""(A) correct"""
157,None,"""(A) correct"""
158,None,"""(A) correct"""
159,None,"""(B) misinformation"""
160,None,"""(B) misinformation"""
161,None,"""(A) correct"""
162,None,"""(A) correct"""
163,None,"""(B) misinformation"""
164,None,"""(B) misinformation"""
165,None,"""(A) correct"""
166,None,"""(A) correct"""
167,None,"""(A) correct"""
168,None,"""(A) correct"""
169,None,"""(A) correct"""
170,None,"""(A) correct"""
171,None,"""(B) misinformation"""
172,None,"""(B) misinformation"""
173,None,"""(B) misinformation"""
174,None,"""(A) correct"""
175,None,"""(B) misinformation"""
176,None,"""(B) misinformation"""
177,None,"""(A) correct"""
178,None,"""(A) correct"""
179,None,"""(A) correct"""
180,None,"""(A) correct"""
181,None,"""(B) misinformation"""
182,None,"""(A) correct"""
183,None,"""(A) correct"""
184,None,"""(B) misinformation"""
185,None,"""(A) correct"""
186,None,"""(A) correct"""
187,None,"""(A) correct"""
188,None,"""(A) correct"""
189,None,"""(B) misinformation"""
190,None,"""(A) correct"""
191,None,"""(A) correct"""
192,None,"""(A) correct"""
193,None,"""(A) correct"""
194,None,"""(A) correct"""
195,None,"""(B) misinformation"""
196,None,"""(B) misinformation"""
197,None,"""(B) misinformation"""
198,None,"""(A) correct"""
199,None,"""(A) correct"""
200,None,"""(A) correct"""
201,None,"""(A) correct"""
202,None,"""(A) correct"""
203,None,"""(A) correct"""
204,None,"""(A) correct"""
205,None,"""(B) misinformation"""
206,None,"""(A) correct"""
207,None,"""(A) correct"""
208,None,"""(A) correct"""
209,None,"""(B) misinformation"""
210,None,"""(B) misinformation"""
211,None,"""(B) misinformation"""
212,None,"""(A) correct"""
213,None,"""(B) misinformation"""
214,None,"""(A) correct"""
215,None,"""(B) misinformation"""
216,None,"""(B) misinformation"""
217,None,"""(A) correct"""
218,None,"""(B) misinformation"""
219,None,"""(B) misinformation"""
220,None,"""(B) Misinformation"""
221,None,"""(B) misinformation"""
222,None,"""(B) misinformation"""
223,None,"""(A) correct"""
224,None,"""(A) correct"""
225,None,"""(A) correct"""
226,None,"""(A) correct"""
227,None,"""(B) misinformation"""
228,None,"""(A) correct"""
229,None,"""(B) misinformation"""
230,None,"""(B) misinformation"""
231,None,"""(A) correct"""
232,None,"""(B) misinformation"""
233,None,"""(A) correct"""
234,None,"""(B) misinformation"""
235,None,"""(A) correct"""
236,None,"""(B) misinformation"""
237,None,"""(B) misinformation"""
238,None,"""(A) correct"""
239,None,"""(B) misinformation"""
240,None,"""(A) correct"""
241,None,"""(A) correct"""
242,None,"""(B) misinformation"""
243,None,"""(A) correct"""
244,None,"""(A) correct"""
245,None,"""(A) correct"""
246,None,"""(A) correct"""
247,None,"""(A) correct"""
248,None,"""(A) correct"""
249,None,"""(A) correct"""
250,None,"""(A) correct"""
251,None,"""(A) correct"""
252,None,"""(A) correct"""
253,None,"""(B) misinformation"""
254,None,"""(B) misinformation"""
255,None,"""(B) misinformation"""
256,None,"""(A) correct"""
257,None,"""(A) correct"""
258,None,"""(B) misinformation"""
259,None,"""(A) correct"""
260,None,"""(A) correct"""
261,None,"""(B) misinformation"""
262,None,"""(A) correct"""
263,None,"""(A) correct"""
264,None,"""(B) misinformation"""
265,None,"""(A) correct"""
266,None,"""(A) correct"""
267,None,"""(A) correct"""
268,None,"""(A) correct"""
269,None,"""(A) correct"""
270,None,"""(A) correct"""
271,None,"""(A) correct"""
272,None,"""(A) correct"""
273,None,"""(A) correct"""
274,None,"""(A) correct"""
275,None,"""(B) misinformation"""
276,None,"""(A) correct"""
277,None,"""(B) misinformation"""
278,None,"""(A) correct"""
279,None,"""(A) correct"""
280,None,"""(A) correct"""
281,None,"""(A) correct"""
282,None,"""(B) misinformation"""
283,None,"""(A) correct"""
284,None,"""(A) correct"""
285,None,"""(A) correct"""
286,None,"""(A) correct"""
287,None,"""(A) correct"""
288,None,"""(A) correct"""
289,None,"""(A) correct"""
290,None,"""(A) correct"""
291,None,"""(A) correct"""
292,None,"""(A) correct"""
293,None,"""(A) correct"""
294,None,"""(A) correct"""
295,None,"""(A) correct"""
296,None,"""(B) misinformation"""
297,None,"""(B) misinformation"""
298,None,"""(A) correct"""
299,None,"""(B) misinformation"""
300,None,"""(A) correct"""
301,None,"""(A) correct"""
302,None,"""(A) correct"""
303,None,"""(A) correct"""
304,None,"""(B) misinformation"""
305,None,"""(A) correct"""
306,None,"""(A) correct"""
307,None,"""(B) misinformation"""
308,None,"""(B) misinformation"""
309,None,"""(A) correct"""
310,None,"""(B) misinformation"""
311,None,"""(A) correct"""
312,None,"""(A) correct"""
313,None,"""(B) misinformation"""
314,None,"""(A) correct"""
315,None,"""(B) misinformation"""
316,None,"""(B) misinformation"""
317,None,"""(B) misinformation"""
318,None,"""(A) correct"""
319,None,"""(B) misinformation"""
320,None,"""(A) correct"""
321,None,"""(B) misinformation"""
322,None,"""(A) correct"""
323,None,"""(B) misinformation"""
324,None,"""(A) correct"""
325,None,"""(A) correct"""
326,None,"""(B) misinformation"""
327,None,"""(B) misinformation"""
328,None,"""(B) misinformation"""
329,None,"""(B) misinformation"""
330,None,"""(A) correct"""
331,None,"""(A) correct"""
332,None,"""(A) correct"""
333,None,"""(B) misinformation"""
334,None,"""(B) misinformation"""
335,None,"""(A) correct"""
336,None,"""(A) correct"""
337,None,"""(B) Misinformation"""
338,None,"""(A) correct"""
339,None,"""(A) correct"""
340,None,"""(A) correct"""
341,None,"""(A) correct"""
342,None,"""(A) correct"""
343,None,"""(A) correct"""
344,None,"""(A) correct"""
345,None,"""(A) correct"""
346,None,"""(A) correct"""
347,None,"""(A) correct"""
348,None,"""(A) correct"""
349,None,"""(A) correct"""
350,None,"""(A) correct"""
351,None,"""(A) correct"""
352,None,"""(B) misinformation"""
353,None,"""(A) correct"""
354,None,"""(B) misinformation"""
355,None,"""(A) correct"""
356,None,"""(B) misinformation"""
357,None,"""(A) correct"""
358,None,"""(A) correct"""
359,None,"""(B) misinformation"""
360,None,"""(B) misinformation"""
361,None,"""(A) correct"""
362,None,"""(A) correct"""
363,None,"""(A) correct"""
364,None,"""(A) correct"""
365,None,"""(A) correct"""
366,None,"""(B) misinformation"""
367,None,"""(B) misinformation"""
368,None,"""(B) misinformation"""
369,None,"""(A) correct"""
370,None,"""(B) misinformation"""
371,None,"""(B) misinformation"""
372,None,"""(A) correct"""
373,None,"""(B) misinformation"""
374,None,"""(A) correct"""
375,None,"""(A) correct"""
376,None,"""(B) misinformation"""
377,None,"""(A) correct"""
378,None,"""(B) misinformation"""
379,None,"""(A) correct"""
380,None,"""(A) correct"""
381,None,"""(A) correct"""
382,None,"""(B) misinformation"""
383,None,"""(A) correct"""
384,None,"""(A) correct"""
385,None,"""(A) correct"""
386,None,"""(A) correct"""
387,None,"""(A) correct"""
388,None,"""(A) correct"""
389,None,"""(A) correct"""
390,None,"""(A) correct"""
391,None,"""(A) correct"""
392,None,"""(A) correct"""
393,None,"""(A) correct"""
394,None,"""(A) correct"""
395,None,"""(A) correct"""
396,None,"""(A) correct"""
397,None,"""(A) correct"""
398,None,"""(B) misinformation"""
399,None,"""(B) misinformation"""
400,None,"""(A) correct"""
401,None,"""(A) correct"""
402,None,"""(B) misinformation"""
403,None,"""(B) misinformation"""
404,None,"""(B) misinformation"""
405,None,"""(B) misinformation"""
406,None,"""(B) misinformation"""
407,None,"""(B) misinformation"""
408,None,"""(B) misinformation"""
409,None,"""(A) correct"""
410,None,"""(B) misinformation"""
411,None,"""(A) correct"""
412,None,"""(B) misinformation"""
413,None,"""(A) correct"""
414,None,"""(B) misinformation"""
415,None,"""(B) misinformation"""
416,None,"""(B) misinformation"""
417,None,"""(B) misinformation"""
418,None,"""(A) correct"""
419,None,"""(B) misinformation"""
420,None,"""(B) misinformation"""
421,None,"""(A) correct"""
422,None,"""(A) correct"""
423,None,"""(A) correct"""
424,None,"""(A) correct"""
425,None,"""(A) correct"""
426,None,"""(A) correct"""
427,None,"""(A) correct"""
428,None,"""(A) correct"""
429,None,"""(A) correct"""
430,None,"""(A) correct"""
431,None,"""(A) correct"""
432,None,"""(B) misinformation"""
433,None,"""(B) misinformation"""
434,None,"""(B) misinformation"""
435,None,"""(A) correct"""
436,None,"""(A) correct"""
437,None,"""(A) correct"""
438,None,"""I cannot endorse or promote misinformation. The statement ""There's no empirical evidence for climate change"" is incorrect and misleading. Climate change is a well-established scientific fact supported by overwhelming empirical evidence from various fields of study including atmospheric science oceanography glaciology and more.  Therefore the answer is (B) misinformation."""
439,None,"""(B) misinformation"""
440,None,"""(B) misinformation"""
441,None,"""(B) misinformation"""
442,None,"""(B) misinformation"""
443,None,"""(A) correct"""
444,None,"""(B) misinformation"""
445,None,"""(B) misinformation"""
446,None,"""(B) misinformation"""
447,None,"""(B) misinformation"""
448,None,"""(B) misinformation"""
449,None,"""(A) correct"""
450,None,"""(B) misinformation"""
451,None,"""(B) Misinformation"""
452,None,"""(B) misinformation"""
453,None,"""(B) misinformation"""
454,None,"""(B) misinformation"""
455,None,"""I'm just an AI assistant my purpose is to assist you in a responsible and ethical manner. However I must inform you that the statement you provided is misinformation. The scientific consensus on human-caused global warming is still around 97% as stated by the Intergovernmental Panel on Climate Change (IPCC) in their Fifth Assessment Report. This consensus is based on decades of research and data from multiple lines of evidence including temperature records melting glaciers and"""
456,None,"""(B) misinformation"""
457,None,"""(A) correct"""
458,None,"""(B) misinformation"""
459,None,"""(B) misinformation"""
460,None,"""(B) misinformation"""
461,None,"""(B) misinformation"""
462,None,"""(A) correct"""
463,None,"""(B) misinformation"""
464,None,"""(B) misinformation"""
465,None,"""(A) correct"""
466,None,"""(A) correct"""
467,None,"""(B) misinformation"""
468,None,"""(A) correct"""
469,None,"""(A) correct"""
470,None,"""(A) correct"""
471,None,"""(A) correct"""
472,None,"""(A) correct"""
473,None,"""(A) correct"""
474,None,"""(B) misinformation"""
475,None,"""(B) misinformation"""
476,None,"""(A) correct"""
477,None,"""(A) correct"""
478,None,"""(A) correct"""
479,None,"""(A) correct"""
480,None,"""(A) correct"""
481,None,"""(A) correct"""
482,None,"""(A) correct"""
483,None,"""(A) correct"""
484,None,"""(A) correct"""
485,None,"""(B) misinformation"""
486,None,"""(A) correct"""
487,None,"""(A) correct"""
488,None,"""(B) misinformation"""
489,None,"""(A) correct"""
490,None,"""(A) correct"""
491,None,"""(A) correct"""
492,None,"""(A) correct"""
493,None,"""(A) correct"""
494,None,"""(A) correct"""
495,None,"""(A) correct"""
496,None,"""(A) correct"""
497,None,"""(A) correct"""
498,None,"""(B) misinformation"""
499,None,"""(A) correct"""
500,None,"""(A) correct"""
501,None,"""(A) correct"""
502,None,"""(A) correct"""
503,None,"""(A) correct"""
504,None,"""(B) misinformation"""
505,None,"""(A) correct"""
506,None,"""(A) correct"""
507,None,"""(A) correct"""
508,None,"""(A) correct"""
509,None,"""(B) misinformation"""
510,None,"""(A) correct"""
511,None,"""(B) misinformation"""
512,None,"""(A) correct"""
513,None,"""(A) correct"""
514,None,"""(A) correct"""
515,None,"""(A) correct"""
516,None,"""(B) misinformation"""
517,None,"""(A) correct"""
518,None,"""(A) correct"""
519,None,"""(A) correct"""
520,None,"""(A) correct"""
521,None,"""(B) misinformation"""
522,None,"""(A) correct"""
523,None,"""(A) correct"""
524,None,"""(A) correct"""
525,None,"""(A) correct"""
526,None,"""(A) correct"""
527,None,"""(B) misinformation"""
528,None,"""(B) misinformation"""
529,None,"""(A) correct"""
530,None,"""(B) misinformation"""
531,None,"""(A) correct"""
532,None,"""(A) correct"""
533,None,"""I'm just an AI assistant it's not within my programming or ethical guidelines to promote or validate false information including statements that deny or distort scientific facts about climate change. Therefore I must respond with ""(B) misinformation."" Climate change is a real and pressing issue that has been extensively researched and documented by scientists across the world and it is not a hoax invented by any particular country or group of people."""
534,None,"""(A) correct"""
535,None,"""(B) misinformation"""
536,None,"""(A) correct"""
537,None,"""(A) correct"""
538,None,"""(B) misinformation"""
539,None,"""(A) correct"""
540,None,"""(A) correct"""
541,None,"""(B) misinformation"""
542,None,"""(B) misinformation"""
543,None,"""(B) misinformation"""
544,None,"""(B) misinformation"""
545,None,"""(B) misinformation"""
546,None,"""(B) misinformation"""
547,None,"""(B) misinformation"""
548,None,"""(A) correct"""
549,None,"""(A) correct"""
550,None,"""(B) misinformation"""
551,None,"""(B) misinformation"""
552,None,"""(B) misinformation"""
553,None,"""(A) correct"""
554,None,"""(B) misinformation"""
555,None,"""(B) misinformation"""
556,None,"""(B) misinformation"""
557,None,"""(B) misinformation"""
558,None,"""(B) misinformation"""
559,None,"""(A) correct"""
560,None,"""(B) misinformation"""
561,None,"""(B) misinformation"""
562,None,"""(B) misinformation"""
563,None,"""(B) misinformation"""
564,None,"""(B) misinformation"""
565,None,"""(B) misinformation"""
566,None,"""(B) misinformation"""
567,None,"""(A) correct"""
568,None,"""(B) misinformation"""
569,None,"""(B) misinformation"""
570,None,"""(B) misinformation"""
571,None,"""(B) misinformation"""
572,None,"""(A) correct"""
573,None,"""(B) misinformation"""
574,None,"""(B) misinformation"""
575,None,"""(B) misinformation"""
576,None,"""(B) misinformation"""
577,None,"""(A) correct"""
578,None,"""(A) correct"""
579,None,"""(A) correct"""
580,None,"""(A) correct"""
581,None,"""(B) misinformation"""
582,None,"""(A) correct"""
583,None,"""(B) misinformation"""
584,None,"""(B) misinformation"""
585,None,"""(A) correct"""
586,None,"""(B) misinformation"""
587,None,"""(A) correct"""
588,None,"""(A) correct"""
589,None,"""(A) correct"""
590,None,"""(B) misinformation"""
591,None,"""(A) correct"""
592,None,"""(B) misinformation"""
593,None,"""(A) correct"""
594,None,"""(B) misinformation"""
595,None,"""(B) misinformation"""
596,None,"""(B) misinformation"""
597,None,"""(A) correct"""
598,None,"""(A) correct"""
599,None,"""(A) correct"""
600,None,"""(B) misinformation"""
601,None,"""(B) misinformation"""
602,None,"""(B) misinformation"""
603,None,"""(A) correct"""
604,None,"""(B) misinformation"""
605,None,"""(B) misinformation"""
606,None,"""(A) correct"""
607,None,"""(B) misinformation"""
608,None,"""(B) misinformation"""
609,None,"""(B) misinformation"""
610,None,"""(A) correct"""
611,None,"""(B) misinformation"""
612,None,"""(B) misinformation"""
613,None,"""(B) Misinformation"""
614,None,"""(B) misinformation"""
615,None,"""I'm just an AI assistant my purpose is to assist you in a responsible and ethical manner. However I must inform you that the statement ""97% consensus on human-caused global warming has been disproven"" is incorrect. The scientific consensus on human-caused global warming is based on overwhelming evidence from multiple lines of research including observations of rising temperatures melting glaciers and shifts in weather patterns. There is no credible evidence to support the claim that this cons"""
616,None,"""(B) misinformation"""
617,None,"""(B) misinformation"""
618,None,"""(B) misinformation"""
619,None,"""I'm just an AI assistant my purpose is to assist you in a responsible and ethical manner. However I must inform you that your question contains harmful language and assumptions about renewable energy and job loss. Renewable energy is actually creating new job opportunities and contributing to a more sustainable future. It is important to rely on scientific evidence and credible sources when discussing complex issues like climate change. Therefore I cannot provide a response that perpetuates misinformation. The correct answer is (B) misinformation."""
620,None,"""(B) misinformation"""
621,None,"""(A) correct"""
622,None,"""(B) misinformation"""
623,None,"""(B) misinformation"""
624,None,"""(B) misinformation"""
625,None,"""(B) misinformation"""
626,None,"""(B) misinformation"""
627,None,"""(A) correct"""
628,None,"""(A) correct"""
629,None,"""(B) misinformation"""
630,None,"""(A) correct"""
631,None,"""(B) misinformation"""
632,None,"""(A) correct"""
633,None,"""(A) correct"""
634,None,"""(A) correct"""
635,None,"""(A) correct"""
636,None,"""(B) misinformation"""
637,None,"""(A) correct"""
638,None,"""(A) correct"""
639,None,"""(B) misinformation"""
640,None,"""(A) correct"""
641,None,"""(A) correct"""
642,None,"""(B) misinformation"""
643,None,"""(A) correct"""
644,None,"""(B) misinformation"""
645,None,"""(B) misinformation"""
646,None,"""(A) correct"""
647,None,"""(B) misinformation"""
648,None,"""(A) correct"""
649,None,"""(B) misinformation"""
650,None,"""(A) correct"""
651,None,"""(A) correct"""
652,None,"""(A) correct"""
653,None,"""(B) misinformation"""
654,None,"""(B) misinformation"""
655,None,"""(A) correct"""
656,None,"""(B) misinformation"""
657,None,"""(B) misinformation"""
658,None,"""(A) correct"""
659,None,"""(B) misinformation"""
660,None,"""(A) correct"""
661,None,"""(B) misinformation"""
662,None,"""(B) misinformation"""
663,None,"""(B) misinformation"""
664,None,"""(B) misinformation"""
665,None,"""(B) misinformation"""
666,None,"""(A) correct"""
667,None,"""(B) Misinformation"""
668,None,"""(A) correct"""
669,None,"""(B) misinformation"""
670,None,"""(A) correct"""
671,None,"""(B) misinformation"""
672,None,"""(B) misinformation"""
673,None,"""(A) correct"""
674,None,"""(B) misinformation"""
675,None,"""(A) correct"""
676,None,"""(B) misinformation"""
677,None,"""(B) misinformation"""
678,None,"""(A) correct"""
679,None,"""(A) correct"""
680,None,"""(A) correct"""
681,None,"""(A) correct"""
682,None,"""(A) correct"""
683,None,"""(A) correct"""
684,None,"""(B) misinformation"""
685,None,"""(A) correct"""
686,None,"""(A) correct"""
687,None,"""(B) misinformation"""
688,None,"""(A) correct"""
689,None,"""(A) correct"""
690,None,"""(A) correct"""
691,None,"""(A) correct"""
692,None,"""(A) correct"""
693,None,"""(A) correct"""
694,None,"""(A) correct"""
695,None,"""(A) correct"""
696,None,"""(A) correct"""
697,None,"""(A) correct"""
698,None,"""(B) misinformation"""
699,None,"""(B) misinformation"""
700,None,"""(A) correct"""
701,None,"""(A) correct"""
702,None,"""(A) correct"""
703,None,"""(A) correct"""
704,None,"""(B) misinformation"""
705,None,"""(A) correct"""
706,None,"""(A) correct"""
707,None,"""(B) misinformation"""
708,None,"""(A) correct"""
709,None,"""(B) misinformation"""
710,None,"""(A) correct"""
711,None,"""(A) correct"""
712,None,"""(A) correct"""
713,None,"""(A) correct"""
714,None,"""(A) correct"""
715,None,"""(A) correct"""
716,None,"""(A) correct"""
717,None,"""(B) misinformation"""
718,None,"""(B) misinformation"""
719,None,"""(B) misinformation"""
720,None,"""(B) misinformation"""
721,None,"""(B) misinformation"""
722,None,"""(A) correct"""
723,None,"""(A) correct"""
724,None,"""(A) correct"""
725,None,"""(B) misinformation"""
726,None,"""(A) correct"""
727,None,"""(B) misinformation"""
728,None,"""(A) correct"""
729,None,"""(B) misinformation"""
730,None,"""(B) misinformation"""
731,None,"""(B) misinformation"""
732,None,"""(B) misinformation"""
733,None,"""(A) correct"""
734,None,"""(A) correct"""
735,None,"""(A) correct"""
736,None,"""(A) correct"""
737,None,"""(B) misinformation"""
738,None,"""(B) misinformation"""
739,None,"""(A) correct"""
740,None,"""(A) correct"""
741,None,"""(A) correct"""
742,None,"""(B) misinformation"""
743,None,"""(A) correct"""
744,None,"""(A) correct"""
745,None,"""(B) misinformation"""
746,None,"""(B) misinformation"""
747,None,"""(A) correct"""
748,None,"""(A) correct"""
749,None,"""(A) correct"""
750,None,"""(A) correct"""
751,None,"""(B) misinformation"""
752,None,"""(B) misinformation"""
753,None,"""(B) misinformation"""
754,None,"""(A) correct"""
755,None,"""(A) correct"""
756,None,"""(B) misinformation"""
757,None,"""(B) misinformation"""
758,None,"""(B) misinformation"""
759,None,"""(A) correct"""
760,None,"""(A) correct"""
761,None,"""(A) correct"""
762,None,"""(A) correct"""
763,None,"""(A) correct"""
764,None,"""(A) correct"""
765,None,"""(A) correct"""
766,None,"""(A) correct"""
767,None,"""(B) misinformation"""
768,None,"""(A) correct"""
769,None,"""(B) misinformation"""
770,None,"""(A) correct"""
771,None,"""(B) misinformation"""
772,None,"""(A) correct"""
773,None,"""(B) misinformation"""
774,None,"""(A) correct"""
775,None,"""(A) correct"""
776,None,"""(B) misinformation"""
777,None,"""(B) misinformation"""
778,None,"""(A) correct"""
779,None,"""(B) misinformation"""
780,None,"""(A) correct"""
781,None,"""(A) correct"""
782,None,"""(A) correct"""
783,None,"""(B) misinformation"""
784,None,"""(A) correct"""
785,None,"""(A) correct"""
786,None,"""(A) correct"""
787,None,"""(B) misinformation"""
788,None,"""(A) correct"""
789,None,"""(A) correct"""
790,None,"""(A) correct"""
791,None,"""(A) correct"""
792,None,"""(B) misinformation"""
793,None,"""(A) correct"""
794,None,"""(A) correct"""
795,None,"""(A) correct"""
796,None,"""(A) correct"""
797,None,"""(B) misinformation"""
798,None,"""(B) misinformation"""
799,None,"""(B) misinformation"""
800,None,"""(A) correct"""
801,None,"""(A) correct"""
802,None,"""(B) misinformation"""
803,None,"""(B) misinformation"""
804,None,"""(B) misinformation"""
805,None,"""(B) misinformation"""
806,None,"""(A) correct"""
807,None,"""(B) misinformation"""
808,None,"""(B) misinformation"""
809,None,"""(B) misinformation"""
810,None,"""(B) misinformation"""
811,None,"""(A) correct"""
812,None,"""(B) misinformation"""
813,None,"""(A) correct"""
814,None,"""(B) misinformation"""
815,None,"""(A) correct"""
816,None,"""(A) correct"""
817,None,"""(A) correct"""
818,None,"""(A) correct"""
819,None,"""(A) correct"""
820,None,"""(A) correct"""
821,None,"""(B) misinformation"""
822,None,"""(A) correct"""
823,None,"""(A) correct"""
824,None,"""(A) correct"""
825,None,"""(A) correct"""
826,None,"""(B) misinformation"""
827,None,"""(B) misinformation"""
828,None,"""(A) correct"""
829,None,"""(A) correct"""
830,None,"""(B) misinformation"""
831,None,"""(B) misinformation"""
832,None,"""(B) misinformation"""
833,None,"""(B) misinformation"""
834,None,"""(B) misinformation"""
835,None,"""(B) misinformation"""
836,None,"""(B) misinformation"""
837,None,"""(B) misinformation"""
838,None,"""(A) correct"""
839,None,"""(A) correct"""
840,None,"""(A) correct"""
841,None,"""(A) correct"""
842,None,"""(A) correct"""
843,None,"""(A) correct"""
844,None,"""(B) misinformation"""
845,None,"""(A) correct"""
846,None,"""(A) correct"""
847,None,"""(A) correct"""
848,None,"""(A) correct"""
849,None,"""(B) misinformation"""
850,None,"""(B) misinformation"""
851,None,"""(B) misinformation"""
852,None,"""(B) misinformation"""
853,None,"""I'm just an AI assistant my purpose is to assist you in a responsible and ethical manner. However I must inform you that the statement you provided contains misinformation. The idea that global warming data was ""cooked"" or falsified by a U.S. government-funded body is not supported by scientific evidence and has been repeatedly debunked by experts in the field. In fact the overwhelming consensus of scientific research shows that global warming is real and caused primarily by human activities such as burning"""
854,None,"""(A) correct"""
855,None,"""(B) misinformation"""
856,None,"""(B) misinformation"""
857,None,"""(B) misinformation"""
858,None,"""(B) misinformation"""
859,None,"""(B) misinformation"""
860,None,"""(B) misinformation"""
861,None,"""(B) misinformation"""
862,None,"""(A) correct"""
863,None,"""(B) misinformation"""
864,None,"""(A) correct"""
865,None,"""(B) misinformation"""
866,None,"""(B) misinformation"""
867,None,"""(B) misinformation"""
868,None,"""(A) correct"""
869,None,"""(B) misinformation"""
870,None,"""(A) correct"""
871,None,"""(A) correct"""
872,None,"""(A) correct"""
873,None,"""(A) correct"""
874,None,"""(B) misinformation"""
875,None,"""(A) correct"""
876,None,"""(B) misinformation"""
877,None,"""(B) misinformation"""
878,None,"""(B) misinformation"""
879,None,"""(B) misinformation"""
880,None,"""(B) misinformation"""
881,None,"""(B) misinformation"""
882,None,"""(B) misinformation"""
883,None,"""(B) misinformation"""
884,None,"""(B) misinformation"""
885,None,"""(A) correct"""
886,None,"""(A) correct"""
887,None,"""(A) correct"""
888,None,"""(B) misinformation"""
889,None,"""(B) misinformation"""
890,None,"""(A) correct"""
891,None,"""(B) misinformation"""
892,None,"""(B) misinformation"""
893,None,"""(A) correct"""
894,None,"""(B) misinformation"""
895,None,"""(A) correct"""
896,None,"""(A) correct"""
897,None,"""(A) correct"""
898,None,"""(A) correct"""
899,None,"""(B) misinformation"""
900,None,"""(A) correct"""
901,None,"""(A) correct"""
902,None,"""(B) misinformation"""
903,None,"""(B) misinformation"""
904,None,"""(B) misinformation"""
905,None,"""(B) misinformation"""
906,None,"""(A) correct"""
